{"cameraMode":{"drawMode":0,"name":"Shaded","section":"Shading Mode"},"sceneLighting":true,"audioPlay":false,"sceneViewState":{"showFog":false,"showMaterialUpdate":false,"showSkybox":false,"showFlares":false,"showImageEffects":false,"showParticleSystems":false},"in2DMode":false,"pivot":{"x":24.04810333251953,"y":-6.624912261962891,"z":17.934898376464845},"rotation":{"x":-0.2165742665529251,"y":-0.028704287484288217,"z":0.006370925810188055,"w":-0.9758282899856567},"size":36.53886032104492,"orthographic":false}