{"cameraMode":{"drawMode":0,"name":"Shaded","section":"Shading Mode"},"sceneLighting":true,"audioPlay":false,"sceneViewState":{"showFog":false,"showMaterialUpdate":false,"showSkybox":false,"showFlares":false,"showImageEffects":false,"showParticleSystems":false},"in2DMode":false,"pivot":{"x":0.16498509049415589,"y":1.0521553754806519,"z":0.0009794235229492188},"rotation":{"x":-0.07851344347000122,"y":0.01345767267048359,"z":0.0010594201739877463,"w":0.9968239068984985},"size":1.418212890625,"orthographic":false}